-- phpMyAdmin SQL Dump
-- version 5.2.1
-- https://www.phpmyadmin.net/
--
-- Host: 127.0.0.1
-- Waktu pembuatan: 29 Des 2025 pada 10.30
-- Versi server: 10.4.32-MariaDB
-- Versi PHP: 8.2.12

SET SQL_MODE = "NO_AUTO_VALUE_ON_ZERO";
START TRANSACTION;
SET time_zone = "+00:00";


/*!40101 SET @OLD_CHARACTER_SET_CLIENT=@@CHARACTER_SET_CLIENT */;
/*!40101 SET @OLD_CHARACTER_SET_RESULTS=@@CHARACTER_SET_RESULTS */;
/*!40101 SET @OLD_COLLATION_CONNECTION=@@COLLATION_CONNECTION */;
/*!40101 SET NAMES utf8mb4 */;

--
-- Database: `edutrack`
--

-- --------------------------------------------------------

--
-- Struktur dari tabel `admin`
--

CREATE TABLE `admin` (
  `kode_admin` varchar(255) NOT NULL,
  `user_id` bigint(20) UNSIGNED NOT NULL,
  `nama` varchar(255) NOT NULL,
  `email` varchar(255) NOT NULL,
  `tanggal_lahir` date NOT NULL,
  `no_telepon` varchar(255) NOT NULL,
  `alamat` text DEFAULT NULL,
  `jenis_kelamin` varchar(255) NOT NULL,
  `created_at` timestamp NULL DEFAULT NULL,
  `updated_at` timestamp NULL DEFAULT NULL
) ENGINE=InnoDB DEFAULT CHARSET=utf8mb4 COLLATE=utf8mb4_unicode_ci;

--
-- Dumping data untuk tabel `admin`
--

INSERT INTO `admin` (`kode_admin`, `user_id`, `nama`, `email`, `tanggal_lahir`, `no_telepon`, `alamat`, `jenis_kelamin`, `created_at`, `updated_at`) VALUES
('ADM001', 1, 'Super Admin', 'admin@edutrack.com', '1990-01-01', '08123456789', NULL, 'Laki-laki', '2025-12-28 22:47:56', '2025-12-29 02:24:07');

-- --------------------------------------------------------

--
-- Struktur dari tabel `cache`
--

CREATE TABLE `cache` (
  `key` varchar(255) NOT NULL,
  `value` mediumtext NOT NULL,
  `expiration` int(11) NOT NULL
) ENGINE=InnoDB DEFAULT CHARSET=utf8mb4 COLLATE=utf8mb4_unicode_ci;

-- --------------------------------------------------------

--
-- Struktur dari tabel `cache_locks`
--

CREATE TABLE `cache_locks` (
  `key` varchar(255) NOT NULL,
  `owner` varchar(255) NOT NULL,
  `expiration` int(11) NOT NULL
) ENGINE=InnoDB DEFAULT CHARSET=utf8mb4 COLLATE=utf8mb4_unicode_ci;

-- --------------------------------------------------------

--
-- Struktur dari tabel `dkbs`
--

CREATE TABLE `dkbs` (
  `id` bigint(20) UNSIGNED NOT NULL,
  `nrp` varchar(255) NOT NULL,
  `kode_mk` varchar(255) NOT NULL,
  `id_perkuliahan` bigint(20) UNSIGNED DEFAULT NULL,
  `semester` varchar(255) DEFAULT NULL,
  `status` varchar(255) DEFAULT NULL,
  `created_at` timestamp NULL DEFAULT NULL,
  `updated_at` timestamp NULL DEFAULT NULL,
  `tahun_ajaran` varchar(100) NOT NULL
) ENGINE=InnoDB DEFAULT CHARSET=utf8mb4 COLLATE=utf8mb4_unicode_ci;

--
-- Dumping data untuk tabel `dkbs`
--

INSERT INTO `dkbs` (`id`, `nrp`, `kode_mk`, `id_perkuliahan`, `semester`, `status`, `created_at`, `updated_at`, `tahun_ajaran`) VALUES
(8, '2472021', 'MK001P', NULL, '3', 'Terdaftar', '2025-12-29 00:26:41', '2025-12-29 00:29:16', 'Ganjil 2025/2026'),
(9, '2472021', 'MK001T', NULL, '3', 'Terdaftar', '2025-12-29 00:27:00', '2025-12-29 00:29:23', 'Ganjil 2025/2026'),
(10, '2472021', 'MK002P', NULL, '3', 'Terdaftar', '2025-12-29 00:27:18', '2025-12-29 00:29:28', 'Ganjil 2025/2026'),
(11, '2472021', 'MK002T', NULL, '3', 'Terdaftar', '2025-12-29 00:27:31', '2025-12-29 00:29:39', 'Ganjil 2025/2026'),
(12, '2472021', 'MK003', NULL, '3', 'Terdaftar', '2025-12-29 00:27:44', '2025-12-29 00:29:45', 'Ganjil 2025/2026'),
(13, '2472022', 'MK001P', NULL, '3', 'Terdaftar', '2025-12-29 00:35:40', '2025-12-29 00:35:40', '2025/2026 - Ganjil');

-- --------------------------------------------------------

--
-- Struktur dari tabel `dosen`
--

CREATE TABLE `dosen` (
  `nip` varchar(255) NOT NULL,
  `user_id` bigint(20) UNSIGNED NOT NULL,
  `nama` varchar(255) NOT NULL,
  `tanggal_lahir` date NOT NULL,
  `jenis_kelamin` varchar(255) DEFAULT NULL,
  `email` varchar(255) NOT NULL,
  `no_telepon` varchar(255) DEFAULT NULL,
  `alamat` text DEFAULT NULL,
  `fakultas` varchar(255) DEFAULT NULL,
  `created_at` timestamp NULL DEFAULT NULL,
  `updated_at` timestamp NULL DEFAULT NULL
) ENGINE=InnoDB DEFAULT CHARSET=utf8mb4 COLLATE=utf8mb4_unicode_ci;

--
-- Dumping data untuk tabel `dosen`
--

INSERT INTO `dosen` (`nip`, `user_id`, `nama`, `tanggal_lahir`, `jenis_kelamin`, `email`, `no_telepon`, `alamat`, `fakultas`, `created_at`, `updated_at`) VALUES
('0072201', 2, 'Tjatur Kandaga, S.Si., M.T.', '1985-05-20', 'Laki-laki', '0072201@edutrack.com', '08987654321', 'Jl. Melati No. 12', 'Teknologi Rekayasa Cerdas', '2025-12-28 22:47:57', '2025-12-29 02:18:46'),
('0072202', 9, 'Ir. Teddy Marcus Zakaria, M.T.', '1986-11-05', 'Laki-laki', '0072202@edutrack.com', '081234567890', 'Jl. Kenanga Raya No. 45', 'Teknologi Rekayasa Cerdas', '2025-12-29 01:41:28', '2025-12-29 02:19:07'),
('0072203', 8, 'Erico Darmawan Handoyo, S. Kom., M.T.', '1990-01-09', 'Laki-laki', '0072203@edutrack.com', '087656728372', 'Jl. Mawar Indah No. 7', 'Teknologi Rekayasa Cerdas', '2025-12-29 01:37:49', '2025-12-29 02:19:17'),
('0072204', 10, 'Andreas Widjaja, S.Si., M.Sc., Ph.D', '1980-10-20', 'Laki-laki', '0072204@edutrack.com', '083822334455', 'Jl. Anggrek Lestari No. 88', 'Teknologi Rekayasa Cerdas', '2025-12-29 02:22:52', '2025-12-29 02:22:52'),
('0072205', 11, 'Maresha Caroline Wijanto', '1990-07-19', 'Perempuan', '0072205@edutrack.com', '081333445566', 'Jl. Cendana No. 23', 'Teknologi Rekayasa Cerdas', '2025-12-29 02:26:23', '2025-12-29 02:28:04'),
('0072206', 12, 'Wenny Franciska Senjaya', '1992-03-17', 'Perempuan', '0072206@edutrack.com', '081245678901', 'Jl. Flamboyan No. 56', 'Teknologi Rekayasa Cerdas', '2025-12-29 02:27:57', '2025-12-29 02:27:57'),
('0072207', 13, 'Meliana Christianti J., S. Kom., M.T.', '1996-09-10', 'Perempuan', '0072207@edutrack.com', '082134567890', 'Jl. Dahlia No. 89', 'Teknologi Rekayasa Cerdas', '2025-12-29 02:29:33', '2025-12-29 02:29:33');

-- --------------------------------------------------------

--
-- Struktur dari tabel `failed_jobs`
--

CREATE TABLE `failed_jobs` (
  `id` bigint(20) UNSIGNED NOT NULL,
  `uuid` varchar(255) NOT NULL,
  `connection` text NOT NULL,
  `queue` text NOT NULL,
  `payload` longtext NOT NULL,
  `exception` longtext NOT NULL,
  `failed_at` timestamp NOT NULL DEFAULT current_timestamp()
) ENGINE=InnoDB DEFAULT CHARSET=utf8mb4 COLLATE=utf8mb4_unicode_ci;

-- --------------------------------------------------------

--
-- Struktur dari tabel `jadwal`
--

CREATE TABLE `jadwal` (
  `id` bigint(20) UNSIGNED NOT NULL,
  `kode_mk` varchar(255) NOT NULL,
  `nidn` varchar(255) DEFAULT NULL,
  `hari` varchar(255) DEFAULT NULL,
  `jam` varchar(255) DEFAULT NULL,
  `created_at` timestamp NULL DEFAULT NULL,
  `updated_at` timestamp NULL DEFAULT NULL
) ENGINE=InnoDB DEFAULT CHARSET=utf8mb4 COLLATE=utf8mb4_unicode_ci;

-- --------------------------------------------------------

--
-- Struktur dari tabel `jobs`
--

CREATE TABLE `jobs` (
  `id` bigint(20) UNSIGNED NOT NULL,
  `queue` varchar(255) NOT NULL,
  `payload` longtext NOT NULL,
  `attempts` tinyint(3) UNSIGNED NOT NULL,
  `reserved_at` int(10) UNSIGNED DEFAULT NULL,
  `available_at` int(10) UNSIGNED NOT NULL,
  `created_at` int(10) UNSIGNED NOT NULL
) ENGINE=InnoDB DEFAULT CHARSET=utf8mb4 COLLATE=utf8mb4_unicode_ci;

-- --------------------------------------------------------

--
-- Struktur dari tabel `job_batches`
--

CREATE TABLE `job_batches` (
  `id` varchar(255) NOT NULL,
  `name` varchar(255) NOT NULL,
  `total_jobs` int(11) NOT NULL,
  `pending_jobs` int(11) NOT NULL,
  `failed_jobs` int(11) NOT NULL,
  `failed_job_ids` longtext NOT NULL,
  `options` mediumtext DEFAULT NULL,
  `cancelled_at` int(11) DEFAULT NULL,
  `created_at` int(11) NOT NULL,
  `finished_at` int(11) DEFAULT NULL
) ENGINE=InnoDB DEFAULT CHARSET=utf8mb4 COLLATE=utf8mb4_unicode_ci;

-- --------------------------------------------------------

--
-- Struktur dari tabel `mahasiswa`
--

CREATE TABLE `mahasiswa` (
  `nrp` varchar(255) NOT NULL,
  `user_id` bigint(20) UNSIGNED NOT NULL,
  `nama` varchar(255) NOT NULL,
  `jurusan` varchar(255) DEFAULT NULL,
  `email` varchar(255) NOT NULL,
  `jenis_kelamin` varchar(255) DEFAULT NULL,
  `tanggal_lahir` date NOT NULL,
  `alamat` text DEFAULT NULL,
  `no_telepon` varchar(255) DEFAULT NULL,
  `created_at` timestamp NULL DEFAULT NULL,
  `updated_at` timestamp NULL DEFAULT NULL
) ENGINE=InnoDB DEFAULT CHARSET=utf8mb4 COLLATE=utf8mb4_unicode_ci;

--
-- Dumping data untuk tabel `mahasiswa`
--

INSERT INTO `mahasiswa` (`nrp`, `user_id`, `nama`, `jurusan`, `email`, `jenis_kelamin`, `tanggal_lahir`, `alamat`, `no_telepon`, `created_at`, `updated_at`) VALUES
('2472021', 3, 'Ferdinand Brian', 'Teknik Informatika', '2472021@edutrack.com', 'Laki-laki', '2004-10-15', 'Jl. Kebon Jeruk No. 12', '087712345678', '2025-12-28 22:47:57', '2025-12-28 22:47:57'),
('2472022', 4, 'Bryan Christian', 'Teknik Informatika', '2472022@edutrack.com', 'Laki-laki', '2006-07-28', 'Kopo', '089626312738', '2025-12-28 23:07:50', '2025-12-28 23:07:50');

-- --------------------------------------------------------

--
-- Struktur dari tabel `mata_kuliah`
--

CREATE TABLE `mata_kuliah` (
  `kode_mk` varchar(255) NOT NULL,
  `nama_mk` varchar(255) NOT NULL,
  `sks` int(11) NOT NULL,
  `semester` int(11) NOT NULL,
  `created_at` timestamp NULL DEFAULT NULL,
  `updated_at` timestamp NULL DEFAULT NULL
) ENGINE=InnoDB DEFAULT CHARSET=utf8mb4 COLLATE=utf8mb4_unicode_ci;

--
-- Dumping data untuk tabel `mata_kuliah`
--

INSERT INTO `mata_kuliah` (`kode_mk`, `nama_mk`, `sks`, `semester`, `created_at`, `updated_at`) VALUES
('MK001P', 'Paradigma Pemrograman (Praktikum)', 2, 3, '2025-12-29 06:54:13', '2025-12-29 06:54:13'),
('MK001T', 'Paradigma Pemrograman (Teori)', 2, 3, '2025-12-29 06:54:13', '2025-12-29 06:54:13'),
('MK002P', 'Desain Basis Data Lanjut (Praktikum)', 3, 3, '2025-12-29 06:54:13', '2025-12-29 06:54:13'),
('MK002T', 'Desain Basis Data Lanjut (Teori)', 3, 3, '2025-12-29 06:54:13', '2025-12-29 00:59:37'),
('MK003', 'Rekayasa Perangkat Lunak', 3, 3, '2025-12-29 06:54:13', '2025-12-29 01:04:02'),
('MK004', 'Teknologi Multimedia', 2, 3, '2025-12-29 00:40:18', '2025-12-29 00:58:31'),
('MK005', 'Matematika Diskrit', 3, 3, '2025-12-29 00:59:19', '2025-12-29 00:59:19'),
('MK006P', 'Algoritma Struktur Data (Praktikum)', 3, 3, '2025-12-29 01:17:34', '2025-12-29 01:17:34'),
('MK006T', 'Algoritma Struktur Data (Teori)', 3, 3, '2025-12-29 01:05:13', '2025-12-29 01:17:44'),
('MK007', 'Sistem Operasi Komputer', 2, 3, '2025-12-29 01:18:06', '2025-12-29 01:18:06');

-- --------------------------------------------------------

--
-- Struktur dari tabel `migrations`
--

CREATE TABLE `migrations` (
  `id` int(10) UNSIGNED NOT NULL,
  `migration` varchar(255) NOT NULL,
  `batch` int(11) NOT NULL
) ENGINE=InnoDB DEFAULT CHARSET=utf8mb4 COLLATE=utf8mb4_unicode_ci;

--
-- Dumping data untuk tabel `migrations`
--

INSERT INTO `migrations` (`id`, `migration`, `batch`) VALUES
(1, '0001_01_01_000001_create_cache_table', 1),
(2, '0001_01_01_000002_create_jobs_table', 1),
(3, '2025_12_28_095340_create_sessions_table', 1),
(4, '2025_12_28_102000_create_presensi_table', 1),
(5, '2025_12_28_103000_create_nilai_jadwal_tagihan_dkbs_tables', 1),
(6, '2025_12_29_100000_setup_identity_system', 1),
(7, '2025_12_29_061613_create_mata_kuliahs_table', 2),
(8, '2025_12_29_075654_add_details_to_mata_kuliah_table', 3),
(9, '2025_12_29_081043_add_id_perkuliahan_to_dkbs', 4),
(10, '2025_12_29_084255_add_alamat_to_admin_and_dosen_tables', 5);

-- --------------------------------------------------------

--
-- Struktur dari tabel `nilai`
--

CREATE TABLE `nilai` (
  `id` bigint(20) UNSIGNED NOT NULL,
  `nrp` varchar(255) NOT NULL,
  `kode_mk` varchar(255) NOT NULL,
  `nilai` decimal(5,2) NOT NULL,
  `created_at` timestamp NULL DEFAULT NULL,
  `updated_at` timestamp NULL DEFAULT NULL
) ENGINE=InnoDB DEFAULT CHARSET=utf8mb4 COLLATE=utf8mb4_unicode_ci;

-- --------------------------------------------------------

--
-- Struktur dari tabel `perkuliahan`
--

CREATE TABLE `perkuliahan` (
  `id_perkuliahan` bigint(20) UNSIGNED NOT NULL,
  `kode_ruangan` varchar(50) NOT NULL,
  `nip_dosen` varchar(50) NOT NULL,
  `kode_mk` varchar(255) NOT NULL,
  `kelas` varchar(10) NOT NULL,
  `jam_mulai` time NOT NULL,
  `jam_berakhir` time NOT NULL,
  `tahun_ajaran` varchar(50) NOT NULL,
  `created_at` timestamp NOT NULL DEFAULT current_timestamp(),
  `updated_at` timestamp NOT NULL DEFAULT current_timestamp() ON UPDATE current_timestamp()
) ENGINE=InnoDB DEFAULT CHARSET=utf8mb4 COLLATE=utf8mb4_unicode_ci;

-- --------------------------------------------------------

--
-- Struktur dari tabel `presensi`
--

CREATE TABLE `presensi` (
  `id` bigint(20) UNSIGNED NOT NULL,
  `nrp` varchar(255) NOT NULL,
  `jadwal_id` bigint(20) UNSIGNED DEFAULT NULL,
  `tanggal` date NOT NULL,
  `status` varchar(255) NOT NULL DEFAULT 'Hadir',
  `keterangan` text DEFAULT NULL,
  `created_at` timestamp NULL DEFAULT NULL,
  `updated_at` timestamp NULL DEFAULT NULL
) ENGINE=InnoDB DEFAULT CHARSET=utf8mb4 COLLATE=utf8mb4_unicode_ci;

-- --------------------------------------------------------

--
-- Struktur dari tabel `ruangan`
--

CREATE TABLE `ruangan` (
  `kode_ruangan` varchar(50) NOT NULL,
  `nama_ruangan` varchar(100) NOT NULL,
  `kapasitas` int(10) UNSIGNED NOT NULL,
  `deskripsi_fasilitas` text DEFAULT NULL,
  `created_at` timestamp NOT NULL DEFAULT current_timestamp(),
  `updated_at` timestamp NOT NULL DEFAULT current_timestamp() ON UPDATE current_timestamp()
) ENGINE=InnoDB DEFAULT CHARSET=utf8mb4 COLLATE=utf8mb4_unicode_ci;

--
-- Dumping data untuk tabel `ruangan`
--

INSERT INTO `ruangan` (`kode_ruangan`, `nama_ruangan`, `kapasitas`, `deskripsi_fasilitas`, `created_at`, `updated_at`) VALUES
('L8001', 'ADV 1', 25, 'AC, Proyektor, Whiteboard, PC Dosen, PC Mahasiswa, Meja, Kursi', '2025-12-29 06:48:37', '2025-12-29 08:03:29'),
('L8002', 'ADV 2', 25, 'AC, Proyektor, Whiteboard, PC Dosen, PC Mahasiswa, Meja, Kursi', '2025-12-29 06:48:37', '2025-12-29 08:03:33'),
('L8003', 'ADV 3', 30, 'AC, Proyektor, Whiteboard, PC Dosen, PC Mahasiswa, Meja, Kursi', '2025-12-29 06:48:37', '2025-12-29 08:03:35'),
('L8004', 'ADV 4', 25, 'AC, Proyektor, Whiteboard, PC Dosen, PC Mahasiswa, Meja, Kursi', '2025-12-29 06:48:37', '2025-12-29 08:03:38'),
('L8005', 'Ruang Multimedia', 30, 'AC, Proyektor, Whiteboard, PC Dosen, PC Mahasiswa, Meja, Kursi', '2025-12-29 08:03:13', '2025-12-29 08:03:13'),
('L8006', 'Ruang Lab Inter', 25, 'AC, Proyektor, Whiteboard, PC Dosen, PC Mahasiswa, Meja, Kursi', '2025-12-29 08:03:13', '2025-12-29 08:03:13'),
('L8007', 'Lab Int 1', 25, 'AC, Proyektor, Whiteboard, PC Dosen, PC Mahasiswa, Meja, Kursi', '2025-12-29 08:03:13', '2025-12-29 08:03:13'),
('L8008', 'Lab Int 2', 25, 'AC, Proyektor, Whiteboard, PC Dosen, PC Mahasiswa, Meja, Kursi', '2025-12-29 08:03:13', '2025-12-29 08:03:13'),
('L8009', 'Lab Int 3', 25, 'AC, Proyektor, Whiteboard, PC Dosen, PC Mahasiswa, Meja, Kursi', '2025-12-29 08:03:13', '2025-12-29 08:03:13'),
('L8010', 'Lab Int 4', 25, 'AC, Proyektor, Whiteboard, PC Dosen, PC Mahasiswa, Meja, Kursi', '2025-12-29 08:03:13', '2025-12-29 08:03:13');

-- --------------------------------------------------------

--
-- Struktur dari tabel `sessions`
--

CREATE TABLE `sessions` (
  `id` varchar(255) NOT NULL,
  `user_id` bigint(20) UNSIGNED DEFAULT NULL,
  `ip_address` varchar(45) DEFAULT NULL,
  `user_agent` text DEFAULT NULL,
  `payload` longtext NOT NULL,
  `last_activity` int(11) NOT NULL
) ENGINE=InnoDB DEFAULT CHARSET=utf8mb4 COLLATE=utf8mb4_unicode_ci;

-- --------------------------------------------------------

--
-- Struktur dari tabel `tagihan`
--

CREATE TABLE `tagihan` (
  `id` bigint(20) UNSIGNED NOT NULL,
  `nrp` varchar(255) NOT NULL,
  `jenis` varchar(255) NOT NULL,
  `jumlah` decimal(12,2) NOT NULL,
  `status` varchar(255) DEFAULT NULL,
  `created_at` timestamp NULL DEFAULT NULL,
  `updated_at` timestamp NULL DEFAULT NULL
) ENGINE=InnoDB DEFAULT CHARSET=utf8mb4 COLLATE=utf8mb4_unicode_ci;

-- --------------------------------------------------------

--
-- Struktur dari tabel `users`
--

CREATE TABLE `users` (
  `id` bigint(20) UNSIGNED NOT NULL,
  `nama` varchar(255) NOT NULL,
  `email` varchar(255) NOT NULL,
  `password` varchar(255) NOT NULL,
  `role` enum('admin','dosen','mahasiswa') NOT NULL,
  `created_at` timestamp NULL DEFAULT NULL,
  `updated_at` timestamp NULL DEFAULT NULL
) ENGINE=InnoDB DEFAULT CHARSET=utf8mb4 COLLATE=utf8mb4_unicode_ci;

--
-- Dumping data untuk tabel `users`
--

INSERT INTO `users` (`id`, `nama`, `email`, `password`, `role`, `created_at`, `updated_at`) VALUES
(1, 'Super Admin', 'admin@edutrack.com', '$2y$12$u7ulJYN1pJyUv5QE.bpe.uOvPdLrDICmoBptA4f/HChpPVQIfL5z6', 'admin', '2025-12-28 22:47:56', '2025-12-29 02:24:07'),
(2, 'Tjatur Kandaga, S.Si., M.T.', '0072201@edutrack.com', '$2y$12$m2Mmc/ZZN35Zlox.eQiiX.dinR.EjgBQzDOj/nJ3wGgnFdYM4aHAy', 'dosen', '2025-12-28 22:47:56', '2025-12-28 22:47:56'),
(3, 'Ferdinand Brian', '2472021@edutrack.com', '$2y$12$yPHdO8geB5M93ZHgsooQ5eR0ZRUUwjNBt1sKddO643JG12HrAVRxu', 'mahasiswa', '2025-12-28 22:47:57', '2025-12-28 22:47:57'),
(4, 'Bryan Christian', '2472022@edutrack.com', '$2y$12$TBxLGZmNmf7.HOPmgOv/bOyM31ciRQVgDGFZaTRxdtCZw0NsoFSzq', 'mahasiswa', '2025-12-28 23:07:49', '2025-12-28 23:07:49'),
(8, 'Erico Darmawan Handoyo, S. Kom., M.T.', '0072203@edutrack.com', '$2y$12$ZkhJeKnn8uk1r47keAw8Iu.LSTozgsMR71tcdmzzWfHj7nEpuK1RO', 'dosen', '2025-12-29 01:37:49', '2025-12-29 01:37:49'),
(9, 'Ir. Teddy Marcus Zakaria, M.T.', '0072202@edutrack.com', '$2y$12$hWI4nORCg218JJJvBq5sL.jM8YO7sUcczMLtO8cmMgGeXoI/a4ofG', 'dosen', '2025-12-29 01:41:28', '2025-12-29 01:41:28'),
(10, 'Andreas Widjaja, S.Si., M.Sc., Ph.D', '0072204@edutrack.com', '$2y$12$mQjSGR8xatAV9hWs4u3YAu6COj3HerCvlh5pDV/wKtEBkF8vtGLAe', 'dosen', '2025-12-29 02:22:52', '2025-12-29 02:22:52'),
(11, 'Maresha Caroline Wijanto', '0072205@edutrack.com', '$2y$12$LFIH2.6ZM6ch8BrELeYtue0zoRWxwZj2SCqMiN6LajNk9u1gkxQ3S', 'dosen', '2025-12-29 02:26:23', '2025-12-29 02:26:23'),
(12, 'Wenny Franciska Senjaya', '0072206@edutrack.com', '$2y$12$k6T/1O/KDSHxOZJkoJL.S.uTAVZ1AAUWTnsJnC9FTtLTyb3OHLUUy', 'dosen', '2025-12-29 02:27:57', '2025-12-29 02:27:57'),
(13, 'Meliana Christianti J., S. Kom., M.T.', '0072207@edutrack.com', '$2y$12$C97naCO4OmqMPpkFmYkffOw.UL5tu5t.n17lxAeqFJ40CUoAc4Sxe', 'dosen', '2025-12-29 02:29:33', '2025-12-29 02:29:33');

--
-- Indexes for dumped tables
--

--
-- Indeks untuk tabel `admin`
--
ALTER TABLE `admin`
  ADD PRIMARY KEY (`kode_admin`),
  ADD UNIQUE KEY `admin_user_id_unique` (`user_id`),
  ADD UNIQUE KEY `admin_email_unique` (`email`);

--
-- Indeks untuk tabel `cache`
--
ALTER TABLE `cache`
  ADD PRIMARY KEY (`key`);

--
-- Indeks untuk tabel `cache_locks`
--
ALTER TABLE `cache_locks`
  ADD PRIMARY KEY (`key`);

--
-- Indeks untuk tabel `dkbs`
--
ALTER TABLE `dkbs`
  ADD PRIMARY KEY (`id`),
  ADD KEY `dkbs_nrp_index` (`nrp`),
  ADD KEY `fk_dkbs_kode_mk` (`kode_mk`);

--
-- Indeks untuk tabel `dosen`
--
ALTER TABLE `dosen`
  ADD PRIMARY KEY (`nip`),
  ADD UNIQUE KEY `dosen_user_id_unique` (`user_id`),
  ADD UNIQUE KEY `dosen_email_unique` (`email`);

--
-- Indeks untuk tabel `failed_jobs`
--
ALTER TABLE `failed_jobs`
  ADD PRIMARY KEY (`id`),
  ADD UNIQUE KEY `failed_jobs_uuid_unique` (`uuid`);

--
-- Indeks untuk tabel `jadwal`
--
ALTER TABLE `jadwal`
  ADD PRIMARY KEY (`id`);

--
-- Indeks untuk tabel `jobs`
--
ALTER TABLE `jobs`
  ADD PRIMARY KEY (`id`),
  ADD KEY `jobs_queue_index` (`queue`);

--
-- Indeks untuk tabel `job_batches`
--
ALTER TABLE `job_batches`
  ADD PRIMARY KEY (`id`);

--
-- Indeks untuk tabel `mahasiswa`
--
ALTER TABLE `mahasiswa`
  ADD PRIMARY KEY (`nrp`),
  ADD UNIQUE KEY `mahasiswa_user_id_unique` (`user_id`),
  ADD UNIQUE KEY `mahasiswa_email_unique` (`email`);

--
-- Indeks untuk tabel `mata_kuliah`
--
ALTER TABLE `mata_kuliah`
  ADD PRIMARY KEY (`kode_mk`);

--
-- Indeks untuk tabel `migrations`
--
ALTER TABLE `migrations`
  ADD PRIMARY KEY (`id`);

--
-- Indeks untuk tabel `nilai`
--
ALTER TABLE `nilai`
  ADD PRIMARY KEY (`id`),
  ADD KEY `nilai_nrp_index` (`nrp`);

--
-- Indeks untuk tabel `perkuliahan`
--
ALTER TABLE `perkuliahan`
  ADD PRIMARY KEY (`id_perkuliahan`),
  ADD KEY `fk_ruangan` (`kode_ruangan`),
  ADD KEY `fk_dosen` (`nip_dosen`),
  ADD KEY `fk_mk` (`kode_mk`);

--
-- Indeks untuk tabel `presensi`
--
ALTER TABLE `presensi`
  ADD PRIMARY KEY (`id`),
  ADD KEY `presensi_nrp_index` (`nrp`);

--
-- Indeks untuk tabel `ruangan`
--
ALTER TABLE `ruangan`
  ADD PRIMARY KEY (`kode_ruangan`);

--
-- Indeks untuk tabel `sessions`
--
ALTER TABLE `sessions`
  ADD PRIMARY KEY (`id`),
  ADD KEY `sessions_user_id_index` (`user_id`),
  ADD KEY `sessions_last_activity_index` (`last_activity`);

--
-- Indeks untuk tabel `tagihan`
--
ALTER TABLE `tagihan`
  ADD PRIMARY KEY (`id`),
  ADD KEY `tagihan_nrp_index` (`nrp`);

--
-- Indeks untuk tabel `users`
--
ALTER TABLE `users`
  ADD PRIMARY KEY (`id`),
  ADD UNIQUE KEY `users_email_unique` (`email`);

--
-- AUTO_INCREMENT untuk tabel yang dibuang
--

--
-- AUTO_INCREMENT untuk tabel `dkbs`
--
ALTER TABLE `dkbs`
  MODIFY `id` bigint(20) UNSIGNED NOT NULL AUTO_INCREMENT, AUTO_INCREMENT=14;

--
-- AUTO_INCREMENT untuk tabel `failed_jobs`
--
ALTER TABLE `failed_jobs`
  MODIFY `id` bigint(20) UNSIGNED NOT NULL AUTO_INCREMENT;

--
-- AUTO_INCREMENT untuk tabel `jadwal`
--
ALTER TABLE `jadwal`
  MODIFY `id` bigint(20) UNSIGNED NOT NULL AUTO_INCREMENT;

--
-- AUTO_INCREMENT untuk tabel `jobs`
--
ALTER TABLE `jobs`
  MODIFY `id` bigint(20) UNSIGNED NOT NULL AUTO_INCREMENT;

--
-- AUTO_INCREMENT untuk tabel `migrations`
--
ALTER TABLE `migrations`
  MODIFY `id` int(10) UNSIGNED NOT NULL AUTO_INCREMENT, AUTO_INCREMENT=11;

--
-- AUTO_INCREMENT untuk tabel `nilai`
--
ALTER TABLE `nilai`
  MODIFY `id` bigint(20) UNSIGNED NOT NULL AUTO_INCREMENT;

--
-- AUTO_INCREMENT untuk tabel `perkuliahan`
--
ALTER TABLE `perkuliahan`
  MODIFY `id_perkuliahan` bigint(20) UNSIGNED NOT NULL AUTO_INCREMENT, AUTO_INCREMENT=2;

--
-- AUTO_INCREMENT untuk tabel `presensi`
--
ALTER TABLE `presensi`
  MODIFY `id` bigint(20) UNSIGNED NOT NULL AUTO_INCREMENT;

--
-- AUTO_INCREMENT untuk tabel `tagihan`
--
ALTER TABLE `tagihan`
  MODIFY `id` bigint(20) UNSIGNED NOT NULL AUTO_INCREMENT;

--
-- AUTO_INCREMENT untuk tabel `users`
--
ALTER TABLE `users`
  MODIFY `id` bigint(20) UNSIGNED NOT NULL AUTO_INCREMENT, AUTO_INCREMENT=14;

--
-- Ketidakleluasaan untuk tabel pelimpahan (Dumped Tables)
--

--
-- Ketidakleluasaan untuk tabel `admin`
--
ALTER TABLE `admin`
  ADD CONSTRAINT `admin_user_id_foreign` FOREIGN KEY (`user_id`) REFERENCES `users` (`id`) ON DELETE CASCADE;

--
-- Ketidakleluasaan untuk tabel `dkbs`
--
ALTER TABLE `dkbs`
  ADD CONSTRAINT `fk_dkbs_kode_mk` FOREIGN KEY (`kode_mk`) REFERENCES `mata_kuliah` (`kode_mk`) ON DELETE CASCADE ON UPDATE CASCADE;

--
-- Ketidakleluasaan untuk tabel `dosen`
--
ALTER TABLE `dosen`
  ADD CONSTRAINT `dosen_user_id_foreign` FOREIGN KEY (`user_id`) REFERENCES `users` (`id`) ON DELETE CASCADE;

--
-- Ketidakleluasaan untuk tabel `mahasiswa`
--
ALTER TABLE `mahasiswa`
  ADD CONSTRAINT `mahasiswa_user_id_foreign` FOREIGN KEY (`user_id`) REFERENCES `users` (`id`) ON DELETE CASCADE;

--
-- Ketidakleluasaan untuk tabel `perkuliahan`
--
ALTER TABLE `perkuliahan`
  ADD CONSTRAINT `fk_dosen` FOREIGN KEY (`nip_dosen`) REFERENCES `dosen` (`nip`) ON DELETE CASCADE ON UPDATE CASCADE,
  ADD CONSTRAINT `fk_mk` FOREIGN KEY (`kode_mk`) REFERENCES `mata_kuliah` (`kode_mk`) ON DELETE CASCADE ON UPDATE CASCADE,
  ADD CONSTRAINT `fk_ruangan` FOREIGN KEY (`kode_ruangan`) REFERENCES `ruangan` (`kode_ruangan`) ON DELETE CASCADE ON UPDATE CASCADE;
COMMIT;

/*!40101 SET CHARACTER_SET_CLIENT=@OLD_CHARACTER_SET_CLIENT */;
/*!40101 SET CHARACTER_SET_RESULTS=@OLD_CHARACTER_SET_RESULTS */;
/*!40101 SET COLLATION_CONNECTION=@OLD_COLLATION_CONNECTION */;
